{
    "Ankle_L": [
        [
            -65.0,
            65.0
        ],
        [
            -25.0,
            25.0
        ],
        [
            -100.0,
            52.0
        ]
    ],
    "Ankle_R": [
        [
            -65.0,
            65.0
        ],
        [
            -25.0,
            25.0
        ],
        [
            -100.0,
            52.0
        ]
    ],
    "Chest_M": [
        [
            -49.0,
            49.0
        ],
        [
            -35.0,
            35.0
        ],
        [
            -50.0,
            31.0
        ]
    ],
    "Elbow_L": [
        [
            -65.0,
            80.0
        ],
        [
            -20.0,
            50.0
        ],
        [
            -37.0,
            100.0
        ]
    ],
    "Elbow_R": [
        [
            -65.0,
            80.0
        ],
        [
            -20.0,
            50.0
        ],
        [
            -37.0,
            100.0
        ]
    ],
    "Head_M": [
        [
            -27.0,
            27.0
        ],
        [
            -14.999999999999998,
            14.999999999999998
        ],
        [
            -45.0,
            27.0
        ]
    ],
    "Hip_L": [
        [
            -14.999999999999998,
            14.999999999999998
        ],
        [
            -100.0,
            40.0
        ],
        [
            -68.0,
            110.0
        ]
    ],
    "Hip_R": [
        [
            -14.999999999999998,
            14.999999999999998
        ],
        [
            -100.0,
            40.0
        ],
        [
            -68.0,
            110.0
        ]
    ],
    "IndexFinger1_L": [
        [
            -360.0,
            360.0
        ],
        [
            -360.0,
            360.0
        ],
        [
            -360.0,
            360.0
        ]
    ],
    "IndexFinger1_R": [
        [
            -360.0,
            360.0
        ],
        [
            -360.0,
            360.0
        ],
        [
            -360.0,
            360.0
        ]
    ],
    "IndexFinger2_L": [
        [
            -360.0,
            360.0
        ],
        [
            -360.0,
            360.0
        ],
        [
            -360.0,
            360.0
        ]
    ],
    "IndexFinger2_R": [
        [
            -360.0,
            360.0
        ],
        [
            -360.0,
            360.0
        ],
        [
            -360.0,
            360.0
        ]
    ],
    "IndexFinger3_L": [
        [
            -360.0,
            360.0
        ],
        [
            -360.0,
            360.0
        ],
        [
            -360.0,
            360.0
        ]
    ],
    "IndexFinger3_R": [
        [
            -360.0,
            360.0
        ],
        [
            -360.0,
            360.0
        ],
        [
            -360.0,
            360.0
        ]
    ],
    "IndexFinger5_L": [
        [
            -360.0,
            360.0
        ],
        [
            -360.0,
            360.0
        ],
        [
            -360.0,
            360.0
        ]
    ],
    "IndexFinger5_R": [
        [
            -360.0,
            360.0
        ],
        [
            -360.0,
            360.0
        ],
        [
            -360.0,
            360.0
        ]
    ],
    "Knee_L": [
        [
            0.0,
            0.0
        ],
        [
            0.0,
            0.0
        ],
        [
            -150.0,
            8.0
        ]
    ],
    "Knee_R": [
        [
            0.0,
            0.0
        ],
        [
            0.0,
            0.0
        ],
        [
            -150.0,
            8.0
        ]
    ],
    "MiddleFinger1_L": [
        [
            -360.0,
            360.0
        ],
        [
            -360.0,
            360.0
        ],
        [
            -360.0,
            360.0
        ]
    ],
    "MiddleFinger1_R": [
        [
            -360.0,
            360.0
        ],
        [
            -360.0,
            360.0
        ],
        [
            -360.0,
            360.0
        ]
    ],
    "MiddleFinger2_L": [
        [
            -360.0,
            360.0
        ],
        [
            -360.0,
            360.0
        ],
        [
            -360.0,
            360.0
        ]
    ],
    "MiddleFinger2_R": [
        [
            -360.0,
            360.0
        ],
        [
            -360.0,
            360.0
        ],
        [
            -360.0,
            360.0
        ]
    ],
    "MiddleFinger3_L": [
        [
            -360.0,
            360.0
        ],
        [
            -360.0,
            360.0
        ],
        [
            -360.0,
            360.0
        ]
    ],
    "MiddleFinger3_R": [
        [
            -360.0,
            360.0
        ],
        [
            -360.0,
            360.0
        ],
        [
            -360.0,
            360.0
        ]
    ],
    "MiddleFinger5_L": [
        [
            -360.0,
            360.0
        ],
        [
            -360.0,
            360.0
        ],
        [
            -360.0,
            360.0
        ]
    ],
    "MiddleFinger5_R": [
        [
            -360.0,
            360.0
        ],
        [
            -360.0,
            360.0
        ],
        [
            -360.0,
            360.0
        ]
    ],
    "NeckPart1_M": [
        [
            -40.0,
            40.0
        ],
        [
            -35.0,
            35.0
        ],
        [
            -50.0,
            31.0
        ]
    ],
    "NeckPart2_M": [
        [
            -45.0,
            45.0
        ],
        [
            -45.0,
            45.0
        ],
        [
            -50.0,
            40.0
        ]
    ],
    "Neck_M": [
        [
            -50.0,
            50.0
        ],
        [
            -37.0,
            37.0
        ],
        [
            -50.0,
            35.0
        ]
    ],
    "PinkyFinger1_L": [
        [
            -360.0,
            360.0
        ],
        [
            -360.0,
            360.0
        ],
        [
            -360.0,
            360.0
        ]
    ],
    "PinkyFinger1_R": [
        [
            -360.0,
            360.0
        ],
        [
            -360.0,
            360.0
        ],
        [
            -360.0,
            360.0
        ]
    ],
    "PinkyFinger2_L": [
        [
            -360.0,
            360.0
        ],
        [
            -360.0,
            360.0
        ],
        [
            -360.0,
            360.0
        ]
    ],
    "PinkyFinger2_R": [
        [
            -360.0,
            360.0
        ],
        [
            -360.0,
            360.0
        ],
        [
            -360.0,
            360.0
        ]
    ],
    "PinkyFinger3_L": [
        [
            -360.0,
            360.0
        ],
        [
            -360.0,
            360.0
        ],
        [
            -360.0,
            360.0
        ]
    ],
    "PinkyFinger3_R": [
        [
            -360.0,
            360.0
        ],
        [
            -360.0,
            360.0
        ],
        [
            -360.0,
            360.0
        ]
    ],
    "PinkyFinger5_L": [
        [
            -360.0,
            360.0
        ],
        [
            -360.0,
            360.0
        ],
        [
            -360.0,
            360.0
        ]
    ],
    "PinkyFinger5_R": [
        [
            -360.0,
            360.0
        ],
        [
            -360.0,
            360.0
        ],
        [
            -360.0,
            360.0
        ]
    ],
    "RingFinger1_L": [
        [
            -360.0,
            360.0
        ],
        [
            -360.0,
            360.0
        ],
        [
            -360.0,
            360.0
        ]
    ],
    "RingFinger1_R": [
        [
            -360.0,
            360.0
        ],
        [
            -360.0,
            360.0
        ],
        [
            -360.0,
            360.0
        ]
    ],